<?xml version="1.0" encoding="UTF-8"?>
<ksdk:examples xmlns:ksdk="http://nxp.com/ksdk/2.0/ksdk_manifest_v3.0.xsd" xmlns:xsi="http://www.w3.org/2001/XMLSchema-instance" xsi:schemaLocation="http://nxp.com/ksdk/2.0/ksdk_manifest_v3.0.xsd manifest.xsd">
  <externalDefinitions>
    <definition extID="com.nxp.mcuxpresso"/>
    <definition extID="component.lists.LPC55S69"/>
    <definition extID="component.serial_manager.LPC55S69"/>
    <definition extID="component.serial_manager_uart.LPC55S69"/>
    <definition extID="component.usart_adapter.LPC55S69"/>
    <definition extID="platform.Include_common.LPC55S69"/>
    <definition extID="platform.Include_core_cm33.LPC55S69"/>
    <definition extID="platform.Include_dsp.LPC55S69"/>
    <definition extID="platform.devices.LPC55S69_CMSIS.LPC55S69"/>
    <definition extID="platform.devices.LPC55S69_startup.LPC55S69"/>
    <definition extID="platform.drivers.clock.LPC55S69"/>
    <definition extID="platform.drivers.common.LPC55S69"/>
    <definition extID="platform.drivers.flexcomm.LPC55S69"/>
    <definition extID="platform.drivers.flexcomm_usart.LPC55S69"/>
    <definition extID="platform.drivers.iap1.LPC55S69"/>
    <definition extID="platform.drivers.inputmux.LPC55S69"/>
    <definition extID="platform.drivers.inputmux_connections.LPC55S69"/>
    <definition extID="platform.drivers.lpc_gpio.LPC55S69"/>
    <definition extID="platform.drivers.lpc_iocon.LPC55S69"/>
    <definition extID="platform.drivers.power.LPC55S69"/>
    <definition extID="platform.drivers.reset.LPC55S69"/>
    <definition extID="platform.utilities.assert.LPC55S69"/>
    <definition extID="platform.utilities.misc_utilities.LPC55S69"/>
    <definition extID="utility.debug_console.LPC55S69"/>
    <definition extID="cm33_core0_LPC55S69"/>
    <definition extID="iar"/>
    <definition extID="mdk"/>
    <definition extID="armgcc"/>
    <definition extID="mcuxpresso"/>
  </externalDefinitions>
  <example id="lpcxpresso55s69_flashiap1" name="flashiap1" category="driver_examples" dependency="platform.drivers.iap1.LPC55S69 platform.drivers.common.LPC55S69 platform.drivers.clock.LPC55S69 platform.drivers.power.LPC55S69 platform.drivers.lpc_iocon.LPC55S69 platform.drivers.lpc_gpio.LPC55S69 platform.drivers.inputmux.LPC55S69 platform.devices.LPC55S69_CMSIS.LPC55S69 platform.devices.LPC55S69_startup.LPC55S69 platform.drivers.flexcomm_usart.LPC55S69 platform.drivers.flexcomm.LPC55S69 platform.utilities.assert.LPC55S69 utility.debug_console.LPC55S69 component.usart_adapter.LPC55S69 component.serial_manager.LPC55S69 component.lists.LPC55S69 component.serial_manager_uart.LPC55S69 platform.Include_core_cm33.LPC55S69 platform.Include_common.LPC55S69 platform.Include_dsp.LPC55S69 platform.drivers.reset.LPC55S69 platform.drivers.inputmux_connections.LPC55S69 platform.utilities.misc_utilities.LPC55S69" device_core="cm33_core0_LPC55S69">
    <projects>
      <project type="com.crt.advproject.projecttype.exe" nature="org.eclipse.cdt.core.cnature"/>
    </projects>
    <toolchainSettings>
      <toolchainSetting id_refs="com.nxp.mcuxpresso">
        <option id="com.crt.advproject.gas.fpu" type="enum">
          <value>com.crt.advproject.gas.fpu.fpv5sp.hard</value>
        </option>
        <option id="com.crt.advproject.gcc.fpu" type="enum">
          <value>com.crt.advproject.gcc.fpu.fpv5sp.hard</value>
        </option>
        <option id="com.crt.advproject.c.misc.dialect" type="enum">
          <value>com.crt.advproject.misc.dialect.gnu99</value>
        </option>
        <option id="gnu.c.compiler.option.preprocessor.def.symbols" type="stringList">
          <value>CPU_LPC55S69JBD100_cm33_core0</value>
          <value>ARM_MATH_CM33</value>
          <value>SERIAL_PORT_TYPE_UART=1</value>
        </option>
        <option id="gnu.c.compiler.option.optimization.flags" type="string">
          <value>-fno-common</value>
        </option>
        <option id="gnu.c.compiler.option.misc.other" type="string">
          <value>-mcpu=cortex-m33  -c  -ffunction-sections  -fdata-sections  -ffreestanding  -fno-builtin</value>
        </option>
        <option id="com.crt.advproject.link.fpu" type="enum">
          <value>com.crt.advproject.link.fpu.fpv5sp.hard</value>
        </option>
        <option id="gnu.c.link.option.nostdlibs" type="boolean">
          <value>true</value>
        </option>
      </toolchainSetting>
    </toolchainSettings>
    <source path="boards/lpcxpresso55s69/driver_examples/flashiap/cm33_core0/armgcc" target_path="LPC55S69/gcc" type="linker" toolchain="armgcc">
      <files mask="LPC55S69_cm33_core0_flash.ld"/>
    </source>
    <source path="boards/lpcxpresso55s69/driver_examples/flashiap/cm33_core0/iar" target_path="LPC55S69/iar" type="linker" toolchain="iar">
      <files mask="LPC55S69_cm33_core0_flash.icf"/>
    </source>
    <source path="boards/lpcxpresso55s69/driver_examples/flashiap/cm33_core0/mdk" target_path="LPC55S69/arm" type="linker" toolchain="mdk">
      <files mask="LPC55S69_cm33_core0_flash.scf"/>
    </source>
    <source path="boards/lpcxpresso55s69/driver_examples/flashiap/cm33_core0" target_path="board" type="c_include">
      <files mask="board.h"/>
      <files mask="clock_config.h"/>
      <files mask="pin_mux.h"/>
    </source>
    <source path="boards/lpcxpresso55s69/driver_examples/flashiap/cm33_core0" target_path="board" type="src">
      <files mask="board.c"/>
      <files mask="clock_config.c"/>
      <files mask="pin_mux.c"/>
    </source>
    <source path="boards/lpcxpresso55s69/driver_examples/flashiap/cm33_core0" target_path="doc" type="doc" toolchain="iar mdk mcuxpresso armgcc">
      <files mask="readme.txt"/>
    </source>
    <source path="boards/lpcxpresso55s69/driver_examples/flashiap/cm33_core0" target_path="source" type="src">
      <files mask="iap_flash.c"/>
    </source>
  </example>
</ksdk:examples>
